{"1BET": {"3Qo": 0.0, "36o": 0.0, "29s": 0.0, "7Qo": 0.0, "8Ao": 0.0, "46o": 0.0, "45o": 0.0, "48o": 0.0, "58o": 0.0, "KAo": 0.0, "2Jo": 1.0, "38o": 0.0, "27s": 0.0, "7Ko": 0.0, "9To": 0.0, "49o": 0.0, "38s": 0.0, "39o": 0.0, "27o": 0.0, "2Ks": 0.0, "3Ko": 0.0, "4Qo": 0.0, "34o": 0.0, "6Ko": 0.0, "8Jo": 1.0, "JAo": 0.0, "79s": 0.0, "9Ao": 0.0, "35o": 0.0, "TJo": 1.0, "24s": 0.0, "22o": 0.0, "2Ao": 0.0, "9Js": 1.0, "69o": 0.0, "4Jo": 1.0, "JAs": 0.0, "TKo": 0.0, "8To": 0.0, "8Qo": 0.0, "2Qo": 0.0, "5Ko": 0.0, "6Qs": 0.0, "4Ts": 0.0, "78s": 0.0, "6Qo": 0.0, "68s": 0.0, "47o": 0.0, "6Jo": 1.0, "3To": 0.0, "9Ko": 0.0, "AAo": 0.0, "3Jo": 1.0, "59o": 0.0, "9Ks": 0.0, "7To": 0.0, "47s": 0.0, "4Ko": 0.0, "KAs": 0.0, "59s": 0.0, "QKo": 0.0, "8Ks": 0.0, "33o": 0.0, "69s": 0.0, "56o": 0.0, "7Ts": 0.0, "28o": 0.0, "TQo": 0.0, "TKs": 0.0, "TAo": 0.0, "89o": 0.0, "25s": 0.0, "89s": 0.0, "58s": 0.0, "3Ks": 0.0, "78o": 0.0, "66o": 0.0, "44o": 0.0, "6To": 0.0, "99o": 0.0, "79o": 0.0, "3Ao": 0.0, "4As": 0.0, "34s": 0.0, "TQs": 0.0, "57s": 0.0, "6Js": 0.8304954067888224, "TTo": 0.0, "68o": 0.0, "QAo": 0.0, "7Qs": 0.0, "37s": 0.0, "5Js": 0.7637034474034172, "JQo": 0.0, "4Ao": 0.0, "7Jo": 1.0, "24o": 0.0, "7Ao": 0.0, "JQs": 0.0, "36s": 0.0, "9Qs": 0.0, "6As": 0.0, "2Ts": 0.0, "23o": 0.0, "QKs": 0.0, "67o": 0.0, "57o": 0.0, "QQo": 0.0, "88o": 0.0, "8Js": 0.9541427373653639, "4To": 0.0, "3Js": 0.8246929717139011, "2Js": 1.0, "23s": 0.0, "37o": 0.0, "26o": 0.0, "5Qo": 0.0, "56s": 0.0, "5Ks": 0.0, "5Ts": 0.0, "5To": 0.0, "9As": 0.0, "8Qs": 0.0, "TJs": 0.6077888441077948, "77o": 0.0, "5Ao": 0.0, "28s": 0.0, "26s": 0.0, "JKo": 0.0, "KKo": 0.0, "48s": 0.0, "5As": 0.0, "3Qs": 0.0, "25o": 0.0, "3Ts": 0.0, "JJo": 0.0, "7As": 0.0, "6Ao": 0.0, "7Ks": 0.0, "45s": 0.0, "2Ko": 0.0, "6Ts": 0.0, "3As": 0.0, "67s": 0.0, "2To": 0.0, "4Ks": 0.0, "49s": 0.0, "9Jo": 0.8143932120660629, "6Ks": 0.0, "JKs": 0.0, "5Qs": 0.0, "2Qs": 0.0, "35s": 0.0, "5Jo": 0.7593549413062805, "2As": 0.0, "7Js": 0.9663511498001186, "8Ko": 0.0, "8As": 0.0, "29o": 0.0, "55o": 0.0, "46s": 0.0, "4Qs": 0.0, "QAs": 0.0, "4Js": 0.7025790880105325, "39s": 0.0, "9Qo": 0.0, "TAs": 0.0, "8Ts": 0.0, "9Ts": 0.0}, "1ALLIN": {"3Qo": 1.0, "36o": 0.0, "29s": 0.0, "7Qo": 1.0, "8Ao": 1.0, "46o": 0.0, "45o": 0.0, "48o": 0.0, "58o": 0.0, "KAo": 1.0, "2Jo": 0.0, "38o": 0.0, "27s": 0.0, "7Ko": 1.0, "9To": 0.0, "49o": 0.0, "38s": 0.0, "39o": 0.0, "27o": 0.0, "2Ks": 1.0, "3Ko": 1.0, "4Qo": 1.0, "34o": 0.0, "6Ko": 1.0, "8Jo": 0.0, "JAo": 1.0, "79s": 0.0, "9Ao": 1.0, "35o": 0.0, "TJo": 0.0, "24s": 0.0, "22o": 1.0, "2Ao": 1.0, "9Js": 0.0, "69o": 0.0, "4Jo": 0.0, "JAs": 1.0, "TKo": 1.0, "8To": 0.0, "8Qo": 1.0, "2Qo": 1.0, "5Ko": 1.0, "6Qs": 1.0, "4Ts": 0.0, "78s": 0.0, "6Qo": 1.0, "68s": 0.0, "47o": 0.0, "6Jo": 0.0, "3To": 0.0, "9Ko": 1.0, "AAo": 1.0, "3Jo": 0.0, "59o": 0.0, "9Ks": 1.0, "7To": 0.0, "47s": 0.0, "4Ko": 1.0, "KAs": 1.0, "59s": 0.0, "QKo": 1.0, "8Ks": 1.0, "33o": 1.0, "69s": 0.0, "56o": 0.0, "7Ts": 0.0, "28o": 0.0, "TQo": 1.0, "TKs": 1.0, "TAo": 1.0, "89o": 0.0, "25s": 0.0, "89s": 0.0, "58s": 0.0, "3Ks": 1.0, "78o": 0.0, "66o": 1.0, "44o": 1.0, "6To": 0.0, "99o": 1.0, "79o": 0.0, "3Ao": 1.0, "4As": 1.0, "34s": 0.0, "TQs": 1.0, "57s": 0.0, "6Js": 0.0, "TTo": 1.0, "68o": 0.0, "QAo": 1.0, "7Qs": 1.0, "37s": 0.0, "5Js": 0.0, "JQo": 1.0, "4Ao": 1.0, "7Jo": 0.0, "24o": 0.0, "7Ao": 1.0, "JQs": 1.0, "36s": 0.0, "9Qs": 1.0, "6As": 1.0, "2Ts": 0.0, "23o": 0.0, "QKs": 1.0, "67o": 0.0, "57o": 0.0, "QQo": 1.0, "88o": 1.0, "8Js": 0.0, "4To": 0.0, "3Js": 0.0, "2Js": 0.0, "23s": 0.0, "37o": 0.0, "26o": 0.0, "5Qo": 1.0, "56s": 0.0, "5Ks": 1.0, "5Ts": 0.0, "5To": 0.0, "9As": 1.0, "8Qs": 1.0, "TJs": 0.0, "77o": 1.0, "5Ao": 1.0, "28s": 0.0, "26s": 0.0, "JKo": 1.0, "KKo": 1.0, "48s": 0.0, "5As": 1.0, "3Qs": 1.0, "25o": 0.0, "3Ts": 0.0, "JJo": 1.0, "7As": 1.0, "6Ao": 1.0, "7Ks": 1.0, "45s": 0.0, "2Ko": 1.0, "6Ts": 0.0, "3As": 1.0, "67s": 0.0, "2To": 0.0, "4Ks": 1.0, "49s": 0.0, "9Jo": 0.0, "6Ks": 1.0, "JKs": 1.0, "5Qs": 1.0, "2Qs": 1.0, "35s": 0.0, "5Jo": 0.0, "2As": 1.0, "7Js": 0.0, "8Ko": 1.0, "8As": 1.0, "29o": 0.0, "55o": 1.0, "46s": 0.0, "4Qs": 1.0, "QAs": 1.0, "4Js": 0.0, "39s": 0.0, "9Qo": 1.0, "TAs": 1.0, "8Ts": 0.0, "9Ts": 0.0}, "2BET": {"68s": 1.0, "37s": 1.0, "3Js": 0.0, "2As": 0.0, "5As": 0.0, "4Qs": 0.0, "JQs": 0.10272707281735263, "34o": 1.0, "69o": 1.0, "5Qo": 0.0, "44o": 0.0, "4Ao": 0.0, "67o": 1.0, "67s": 1.0, "7Qo": 0.0, "27o": 1.0, "39o": 1.0, "TJo": 0.0, "9Ks": 0.0, "7Qs": 0.0, "9Jo": 0.0, "9Qo": 0.0, "45o": 1.0, "78o": 1.0, "58s": 1.0, "29s": 1.0, "QQo": 0.0, "24o": 1.0, "9Ts": 0.0, "37o": 1.0, "49o": 1.0, "5Ko": 0.0, "7Ks": 0.0, "29o": 1.0, "TKo": 0.0, "KAo": 0.0, "3Ko": 0.0, "4Js": 0.0, "3Jo": 0.0, "4Ts": 0.0, "4To": 0.0, "22o": 0.0, "79o": 1.0, "7Ao": 0.0, "4Qo": 0.0, "9Ko": 0.0, "TTo": 0.0, "57o": 1.0, "4As": 0.0, "77o": 0.0, "8Qo": 0.0, "6Qo": 0.0, "3To": 0.0, "26o": 1.0, "6Ao": 0.0, "JKo": 0.0, "46o": 1.0, "38s": 1.0, "8To": 0.0, "3Qs": 0.0, "8Jo": 0.0, "33o": 0.0, "8Ao": 0.0, "89s": 0.5149790274648762, "9Ao": 0.0, "QKo": 0.0, "7To": 0.0, "5Ao": 0.0, "9Qs": 0.128883046938657, "48s": 1.0, "68o": 1.0, "28o": 1.0, "JQo": 0.0, "23o": 1.0, "KAs": 0.0, "8Ks": 0.0, "57s": 1.0, "5Ts": 0.0, "6Ko": 0.0, "27s": 1.0, "58o": 1.0, "QAo": 0.0, "8Ko": 0.0, "2Jo": 0.0, "9To": 0.0, "9Js": 0.0, "99o": 0.0, "56o": 1.0, "3Ts": 0.0, "48o": 1.0, "AAo": 0.0, "47o": 1.0, "7Jo": 0.0, "89o": 1.0, "38o": 1.0, "7As": 0.0, "88o": 0.0, "TAo": 0.0, "28s": 1.0, "59o": 0.8433311159751009, "7Js": 0.0, "35s": 1.0, "6To": 0.0, "47s": 1.0, "35o": 1.0, "8As": 0.0, "39s": 0.4621901448355288, "2To": 0.0, "6Qs": 0.0, "36s": 1.0, "49s": 1.0, "JAo": 0.0, "7Ko": 0.0, "5To": 0.0, "3Ao": 0.0, "TJs": 0.0, "36o": 1.0, "2Ao": 0.0, "23s": 1.0, "5Ks": 0.0, "8Qs": 0.0, "25o": 1.0, "2Qs": 0.23396844170735248, "3Qo": 0.0, "2Ko": 0.0, "2Js": 0.0, "4Ks": 0.0, "6Jo": 0.0, "TQo": 0.0, "TKs": 0.0, "TAs": 0.0, "QKs": 0.0, "2Ks": 0.0, "4Jo": 0.0, "59s": 1.0, "2Qo": 0.0, "34s": 1.0, "6Ks": 0.0, "5Jo": 0.0, "2Ts": 0.0, "46s": 1.0, "6Ts": 0.0, "4Ko": 0.0, "8Js": 0.0, "66o": 0.0, "24s": 1.0, "25s": 1.0, "6Js": 0.0, "3As": 0.0, "69s": 0.3947159843220632, "55o": 0.0, "TQs": 0.0, "JAs": 0.0, "26s": 1.0, "8Ts": 0.0, "7Ts": 0.0, "KKo": 0.0, "5Js": 0.0, "QAs": 0.0, "78s": 1.0, "JJo": 0.0, "45s": 1.0, "9As": 0.0, "56s": 1.0, "79s": 1.0, "3Ks": 0.0, "6As": 0.0, "5Qs": 0.0, "JKs": 0.0}, "2ALLIN": {"68s": 0.0, "37s": 0.0, "3Js": 0.0, "2As": 1.0, "5As": 1.0, "4Qs": 0.0, "JQs": 0.0, "34o": 0.0, "69o": 0.0, "5Qo": 0.0, "44o": 1.0, "4Ao": 1.0, "67o": 0.0, "67s": 0.0, "7Qo": 0.0, "27o": 0.0, "39o": 0.0, "TJo": 0.0, "9Ks": 1.0, "7Qs": 0.0, "9Jo": 0.0, "9Qo": 0.0, "45o": 0.0, "78o": 0.0, "58s": 0.0, "29s": 0.0, "QQo": 1.0, "24o": 0.0, "9Ts": 0.0, "37o": 0.0, "49o": 0.0, "5Ko": 1.0, "7Ks": 1.0, "29o": 0.0, "TKo": 1.0, "KAo": 1.0, "3Ko": 1.0, "4Js": 0.0, "3Jo": 0.0, "4Ts": 0.0, "4To": 0.0, "22o": 1.0, "79o": 0.0, "7Ao": 1.0, "4Qo": 0.0, "9Ko": 1.0, "TTo": 1.0, "57o": 0.0, "4As": 1.0, "77o": 1.0, "8Qo": 0.0, "6Qo": 0.0, "3To": 0.0, "26o": 0.0, "6Ao": 1.0, "JKo": 1.0, "46o": 0.0, "38s": 0.0, "8To": 0.0, "3Qs": 0.0, "8Jo": 0.0, "33o": 1.0, "8Ao": 1.0, "89s": 0.0, "9Ao": 1.0, "QKo": 1.0, "7To": 0.0, "5Ao": 1.0, "9Qs": 0.0, "48s": 0.0, "68o": 0.0, "28o": 0.0, "JQo": 0.0, "23o": 0.0, "KAs": 1.0, "8Ks": 1.0, "57s": 0.0, "5Ts": 0.0, "6Ko": 1.0, "27s": 0.0, "58o": 0.0, "QAo": 1.0, "8Ko": 1.0, "2Jo": 0.0, "9To": 0.0, "9Js": 0.0, "99o": 1.0, "56o": 0.0, "3Ts": 0.0, "48o": 0.0, "AAo": 1.0, "47o": 0.0, "7Jo": 0.0, "89o": 0.0, "38o": 0.0, "7As": 1.0, "88o": 1.0, "TAo": 1.0, "28s": 0.0, "59o": 0.0, "7Js": 0.0, "35s": 0.0, "6To": 0.0, "47s": 0.0, "35o": 0.0, "8As": 1.0, "39s": 0.0, "2To": 0.0, "6Qs": 0.0, "36s": 0.0, "49s": 0.0, "JAo": 1.0, "7Ko": 1.0, "5To": 0.0, "3Ao": 1.0, "TJs": 0.0, "36o": 0.0, "2Ao": 1.0, "23s": 0.0, "5Ks": 1.0, "8Qs": 0.0, "25o": 0.0, "2Qs": 0.0, "3Qo": 0.0, "2Ko": 1.0, "2Js": 0.0, "4Ks": 1.0, "6Jo": 0.0, "TQo": 0.0, "TKs": 1.0, "TAs": 1.0, "QKs": 1.0, "2Ks": 1.0, "4Jo": 0.0, "59s": 0.0, "2Qo": 0.0,